{"cameraMode":{"drawMode":0,"name":"Shaded","section":"Shading Mode"},"sceneLighting":false,"audioPlay":false,"sceneViewState":{"showFog":true,"showMaterialUpdate":false,"showSkybox":false,"showFlares":true,"showImageEffects":true,"showParticleSystems":true},"in2DMode":false,"pivot":{"x":-1.548389196395874,"y":0.44924652576446535,"z":-1.2288239002227784},"rotation":{"x":-0.040413111448287967,"y":0.9274040460586548,"z":-0.10506673902273178,"w":-0.3567204177379608},"size":5.955263614654541,"orthographic":false}